date,total_pnl,total_volume,price_risk,sentiment_score,sentiment_norm,cluster,sentiment_next
2023-05-01,0.0,477.0,0.4041451884326002,63,0.6309523809523809,0,0.7738095238095238
2023-12-05,0.0,50005.83,17477.946554443974,75,0.7738095238095238,2,0.7380952380952381
2023-12-14,-205.43473700000007,113203.35,17176.671270509865,72,0.7380952380952381,2,0.7142857142857143
2023-12-15,-24.632033999999997,10609.95,0.0,70,0.7142857142857143,0,0.6785714285714286
2023-12-16,0.0,15348.77,2.886751345951817e-05,67,0.6785714285714286,0,0.75
2023-12-17,304.982785,116278.02,1116.3958768386804,73,0.75,0,0.6547619047619048
2023-12-18,0.0,31164.179999999997,0.4242640687117034,65,0.6547619047619048,0,0.75
2023-12-19,1000.5386120000001,91602.41,926.2740121248555,73,0.75,0,0.7619047619047619
2023-12-20,162.732282,141636.79,5.856400352106735,74,0.7619047619047619,0,0.7142857142857143
2023-12-21,537.211402,125233.97,0.8725921388691923,70,0.7142857142857143,0,0.7619047619047619
2023-12-22,141.832675,88874.28,21171.893320848874,74,0.7619047619047619,2,0.7142857142857143
2023-12-23,146.936704,78438.25,5.169583196413767,70,0.7142857142857143,0,0.7261904761904762
2023-12-24,1008.619956,402954.94,20284.500535369272,71,0.7261904761904762,2,0.75
2023-12-25,-245.081348,59948.51,10.653168542738976,73,0.75,0,0.75
2023-12-27,-704.8892269999999,171411.06,0.06441842658841482,73,0.75,0,0.75
2023-12-28,-970.730876,100117.25,0.06388070635077168,73,0.75,0,0.6547619047619048
2023-12-29,508.92214299999995,569559.72,11648.744735988827,65,0.6547619047619048,0,0.6904761904761905
2023-12-30,354.998648,702550.21,18438.660298843733,68,0.6904761904761905,2,0.6547619047619048
2024-01-01,-129.53146,264239.52999999997,17773.70614824905,65,0.6547619047619048,2,0.7261904761904762
2024-01-02,783.979116,121348.74,18953.92703976332,71,0.7261904761904762,2,0.7142857142857143
2024-01-03,866.015507,394499.36,1048.4157183426262,70,0.7142857142857143,0,0.6904761904761905
2024-01-04,-67.60364,99792.54000000001,1.625423021862385,68,0.6904761904761905,0,0.7380952380952381
2024-01-05,164.141565,1703942.66,19454.241857154553,72,0.7380952380952381,2,0.7142857142857143
2024-01-06,135.58166400000002,298521.4,15151.388468026682,70,0.7142857142857143,2,0.7261904761904762
2024-01-07,-835.681235,1048850.06,15751.431533109208,71,0.7261904761904762,2,0.7261904761904762
2024-01-08,-269.874439,1522452.43,20290.967629114057,71,0.7261904761904762,2,0.7857142857142857
2024-01-09,-826.349863,870051.97,20885.372418201398,76,0.7857142857142857,2,0.75
2024-01-10,-1517.091342,2057479.48,19322.706929713844,73,0.75,2,0.7857142857142857
2024-01-11,-164.08950099999998,305314.1,19629.102693301003,76,0.7857142857142857,2,0.7261904761904762
2024-01-12,-1925.519024,200082.27,17550.311600910325,71,0.7261904761904762,2,0.5
2024-01-15,152.85358,50636.1,19814.335564661535,52,0.5,2,0.6428571428571429
2024-01-16,-2299.171458,116427.33,22637.910323166485,64,0.6428571428571429,2,0.5952380952380952
2024-01-17,813.2741110000001,800831.03,21383.464156033846,60,0.5952380952380952,2,0.6309523809523809
2024-01-18,68.93319,424631.52999999997,20233.316546710317,63,0.6309523809523809,2,0.4880952380952381
2024-01-19,-385.419235,428428.97,18166.842917918395,51,0.4880952380952381,2,0.5
2024-01-20,-146.57487000000003,1070090.51,19093.656628018955,52,0.5,2,0.5476190476190477
2024-01-21,266.58114600000005,103129.74,21528.165725689374,56,0.5476190476190477,2,0.5357142857142857
2024-01-22,1375.640959,337878.99,14406.919993731388,55,0.5357142857142857,0,0.47619047619047616
2024-01-23,-369.2447299999998,414518.93000000005,17931.69660879304,50,0.47619047619047616,2,0.4523809523809524
2024-01-24,-2808.353815,965084.59,18769.695095348565,48,0.4523809523809524,2,0.5
2024-01-25,-3093.6293849999997,66566.13,0.007222649560014814,52,0.5,0,0.4642857142857143
2024-01-26,90.2,11773.21,0.10182152735644856,49,0.4642857142857143,0,0.5238095238095238
2024-01-28,-2478.06972,18109.03,0.0,54,0.5238095238095238,0,0.5357142857142857
2024-01-29,486.562542,414208.18,19536.971778150943,55,0.5357142857142857,2,0.6071428571428571
2024-01-30,-173.65419100000003,401011.38,20153.91087002757,61,0.6071428571428571,2,0.5952380952380952
2024-01-31,-799.840817,6305647.13,19876.3146514713,60,0.5952380952380952,2,0.6309523809523809
2024-02-01,0.0,2008.18,0.0876728802091426,63,0.6309523809523809,0,0.6309523809523809
2024-02-02,456.423473,474278.43,19639.423920350528,63,0.6309523809523809,2,0.5952380952380952
2024-02-03,223.30918699999998,603820.0,19282.53294251475,60,0.5952380952380952,2,0.5952380952380952
2024-02-04,47.62389499999999,203187.53,18462.1662366605,60,0.5952380952380952,2,0.5952380952380952
2024-02-05,-33.45419400000003,770198.26,19622.221756634914,60,0.5952380952380952,2,0.6428571428571429
2024-02-06,-215.615907,8047153.41,20245.162112718543,64,0.6428571428571429,2,0.6190476190476191
2024-02-07,241.24212,6758.73,2.899661550742973,62,0.6190476190476191,0,0.6666666666666666
2024-02-08,770.756024,26051.12,9.311771566092043,66,0.6666666666666666,0,0.7261904761904762
2024-02-11,983.443176,212311.82,22727.73364910264,71,0.7261904761904762,2,0.7142857142857143
2024-02-12,913.8817869999998,227247.69999999998,24805.345609028725,70,0.7142857142857143,2,0.8214285714285714
2024-02-13,559.44389,1999.99,0.0018752289237539829,79,0.8214285714285714,0,0.7619047619047619
2024-02-14,3830.599833,320839.88,15472.553170488463,74,0.7619047619047619,2,0.7380952380952381
2024-02-15,1840.797677,185188.04,11158.071210375158,72,0.7380952380952381,0,0.7380952380952381
2024-02-16,5491.768834,564896.51,5456.604965111587,72,0.7380952380952381,0,0.7857142857142857
2024-02-17,1929.6418,406118.07,11610.298460259764,76,0.7857142857142857,0,0.7380952380952381
2024-02-18,477.6248299999999,157048.17,6.456487338694623,72,0.7380952380952381,0,0.7738095238095238
2024-02-19,4317.768563,286377.2,10215.224351640929,75,0.7738095238095238,0,0.7380952380952381
2024-02-20,3263.628824,119419.72,11585.887115864216,72,0.7380952380952381,0,0.8095238095238095
2024-02-21,1858.7985700000002,108047.51999999999,41.49904436827268,78,0.8095238095238095,0,0.7619047619047619
2024-02-22,3894.1050699999996,373033.87,7732.110073898038,74,0.7619047619047619,0,0.7857142857142857
2024-02-23,1418.55293,111106.14,6092.0142466450225,76,0.7857142857142857,0,0.7619047619047619
2024-02-25,-30.7705,4480.13,0.0042667587229652205,74,0.7619047619047619,0,0.7380952380952381
2024-02-26,4416.8473,192187.14,3.164004281426789,72,0.7380952380952381,0,0.8214285714285714
2024-02-27,888.511733,209362.3,56.79005691016645,79,0.8214285714285714,0,0.8571428571428571
2024-02-28,2503.747235,171107.13,2.2751265969285375,82,0.8571428571428571,0,0.8333333333333334
2024-02-29,9813.996992,395666.73,16.08881469758988,80,0.8333333333333334,0,0.8333333333333334
2024-03-01,8244.241409,472974.7,2.904073684094302,80,0.8333333333333334,0,0.8333333333333334
2024-03-02,230.90060000000005,63197.56,0.6194783616347095,80,0.8333333333333334,0,0.8690476190476191
2024-03-03,8361.086245,390745.68,7.629637709299519,83,0.8690476190476191,0,0.8571428571428571
2024-03-04,27799.775742,1577996.87,5126.79646418248,82,0.8571428571428571,0,0.9523809523809523
2024-03-05,19791.026041,841810.32,0.7007169708826589,90,0.9523809523809523,0,0.7738095238095238
2024-03-06,6814.825139,327218.02,1.9360757462923552,75,0.7738095238095238,0,0.8452380952380952
2024-03-08,4271.886236,183583.18,2.6015710412934174,81,0.8452380952380952,0,0.8809523809523809
2024-03-09,9949.501624,658178.75,38.11867542971365,84,0.8809523809523809,0,0.8214285714285714
2024-03-10,2482.9272,219973.85,55.4443214228381,79,0.8214285714285714,0,0.8571428571428571
2024-03-11,3588.179495,176519.44999999998,3.1884582870593374,82,0.8571428571428571,0,0.8452380952380952
2024-03-12,3039.166,103040.85,0.18844395718621518,81,0.8452380952380952,0,0.8452380952380952
2024-03-13,0.0,6000.799999999999,11.00861134791885,81,0.8452380952380952,0,0.9285714285714286
2024-03-14,3465.865832,205933.18,938.3464433482117,88,0.9285714285714286,0,0.8690476190476191
2024-03-15,6236.513651,351894.41,1261.1801427784162,83,0.8690476190476191,0,0.8452380952380952
2024-03-16,228.57984,37223.66,1698.2678501401376,81,0.8452380952380952,0,0.8214285714285714
2024-03-17,503.293955,99506.95,1766.1687966015595,79,0.8214285714285714,0,0.7976190476190477
2024-03-18,1456.9577,90458.08,1753.4851754501278,77,0.7976190476190477,0,0.8214285714285714
2024-03-19,668.797973,219884.84,1278.6382241627764,79,0.8214285714285714,0,0.7619047619047619
2024-03-20,6423.134599,215705.85,758.2767450442369,74,0.7619047619047619,0,0.8095238095238095
2024-03-21,2335.5080749999997,117895.57,653.1577193638893,78,0.8095238095238095,0,0.7619047619047619
2024-03-24,1297.018477,92592.20999999999,0.14348537794566632,74,0.7619047619047619,0,0.7738095238095238
2024-03-25,1302.916428,57116.32,12.567418191498204,75,0.7738095238095238,0,0.8452380952380952
2024-03-26,3215.906593,198565.19,850.8144239001894,81,0.8452380952380952,0,0.8690476190476191
2024-03-27,150.41114,99864.79,24835.178964040377,83,0.8690476190476191,2,0.8333333333333334
2024-03-28,227.85100799999998,35323.72,1527.730726728924,80,0.8333333333333334,0,0.8214285714285714
2024-03-29,883.097404,86914.37,34.7146284521588,79,0.8214285714285714,0,0.7738095238095238
2024-03-30,1100.57514,101103.92,0.0006337693873670684,75,0.7738095238095238,0,0.7738095238095238
2024-03-31,912.786145,39912.96,0.20159619451057853,75,0.7738095238095238,0,0.8214285714285714
2024-04-01,2507.963406,339470.47,1725.5880496159934,79,0.8214285714285714,0,0.8214285714285714
2024-04-02,883.760812,239664.50999999998,1013.4302257071722,79,0.8214285714285714,0,0.7261904761904762
2024-04-03,126.7884,16887.57,4.2287486399643095,71,0.7261904761904762,0,0.7142857142857143
2024-04-04,0.0,95987.73,34.823218147917345,70,0.7142857142857143,0,0.8214285714285714
2024-04-05,10706.484306,503791.8,986.0322455497284,79,0.8214285714285714,0,0.7738095238095238
2024-04-06,236.33513399999998,68223.67,7.521012232406113,75,0.7738095238095238,0,0.8095238095238095
2024-04-07,0.0,49988.14,7.056169335531876,78,0.8095238095238095,0,0.7857142857142857
2024-04-08,1218.4267,211940.64,896.4206747924679,76,0.7857142857142857,0,0.8333333333333334
2024-04-09,0.0,57063.840000000004,0.0,80,0.8333333333333334,0,0.8095238095238095
2024-04-10,5207.443414,351735.97,27.343045220882548,78,0.8095238095238095,0,0.7857142857142857
2024-04-11,389.743164,76400.96,27.376775437098644,76,0.7857142857142857,0,0.8214285714285714
2024-04-12,-592.6458390000001,442088.59,1259.0653270732723,79,0.8214285714285714,0,0.7380952380952381
2024-04-13,6621.451755,486411.25,1311.0969406199981,72,0.7380952380952381,0,0.7380952380952381
2024-04-14,-36104.012520000004,659162.17,1470.9021734975304,72,0.7380952380952381,0,0.7619047619047619
2024-04-15,3774.08872,291111.19,828.5437002890698,74,0.7619047619047619,0,0.6547619047619048
2024-04-16,2467.702221,181907.17,0.16399714308646,65,0.6547619047619048,0,0.6785714285714286
2024-04-17,2441.4683999999997,97562.99,0.06874117765571464,67,0.6785714285714286,0,0.6666666666666666
2024-04-19,1946.4454620000001,337257.92000000004,27.132735662623762,66,0.6666666666666666,0,0.6666666666666666
2024-04-20,0.0,60733.24,922.3451665821668,66,0.6666666666666666,0,0.75
2024-04-22,0.0,47993.61,36.67743781188158,73,0.75,0,0.7261904761904762
2024-04-23,1119.536196,233054.9,1243.069424070097,71,0.7261904761904762,0,0.7380952380952381
2024-04-24,279.185907,141275.24,30.441109669240472,72,0.7380952380952381,0,0.7380952380952381
2024-04-25,0.0,120241.01,852.6057058796076,72,0.7380952380952381,0,0.7142857142857143
2024-04-26,0.0,4988.290000000001,9.999999999992654e-06,70,0.7142857142857143,0,0.6785714285714286
2024-04-27,4281.488139,154264.47,8.390121039301516,67,0.6785714285714286,0,0.6547619047619048
2024-04-28,0.0,43985.6,1139.5731528476701,65,0.6547619047619048,0,0.6785714285714286
2024-04-29,526.9338359999999,108699.01,1527.3548472278833,67,0.6785714285714286,0,0.6785714285714286
2024-04-30,0.0,125018.75,65.40372280322977,67,0.6785714285714286,0,0.5238095238095238
2024-05-01,0.0,87025.45,24.152746527779367,54,0.5238095238095238,0,0.4523809523809524
2024-05-03,5306.017045,282682.64999999997,1494.2304167812372,48,0.4523809523809524,0,0.6785714285714286
2024-05-04,0.0,58998.75,1566.937536881801,67,0.6785714285714286,0,0.7023809523809523
2024-05-05,0.916,24068.350000000002,1618.3325482686698,69,0.7023809523809523,0,0.7261904761904762
2024-05-06,968.59038,206016.43,38.095636233038405,71,0.7261904761904762,0,0.6904761904761905
2024-05-07,883.537693,108717.58,1577.816436168854,68,0.6904761904761905,0,0.6428571428571429
2024-05-08,1.56576,65973.57,1317.0287700616034,64,0.6428571428571429,0,0.5357142857142857
2024-05-09,1147.595856,221966.12,941.5421266559297,55,0.5357142857142857,0,0.6666666666666666
2024-05-10,2101.741695,156882.0,53.37453224751177,66,0.6666666666666666,0,0.5119047619047619
2024-05-11,251.604742,63248.95,0.09279607271365267,53,0.5119047619047619,0,0.5476190476190477
2024-05-12,0.0,55179.56,1478.0560671031742,56,0.5476190476190477,0,0.5595238095238095
2024-05-13,2136.853859,193118.9,930.5718009093841,57,0.5595238095238095,0,0.6666666666666666
2024-05-14,1150.5233050000002,145853.4,13.773572679150147,66,0.6666666666666666,0,0.6428571428571429
2024-05-15,948.970582,234922.57,23.94696968601389,64,0.6428571428571429,0,0.7142857142857143
2024-05-16,214.5898,162620.96,957.2846726273708,70,0.7142857142857143,0,0.75
2024-05-18,3522.3946610000003,126303.14,5.194025413877052,73,0.75,0,0.7380952380952381
2024-05-19,0.0,29998.09,0.1488047618284482,72,0.7380952380952381,0,0.7142857142857143
2024-05-20,-74.818442,38124.75,1482.2663378749578,70,0.7142857142857143,0,0.7857142857142857
2024-05-21,7289.397571999999,1100948.59,25779.347841232942,76,0.7857142857142857,2,0.7857142857142857
2024-05-22,0.0,44995.29,0.23380903888989804,76,0.7857142857142857,0,0.7857142857142857
2024-05-23,413.347329,401850.6,1733.0073303407185,76,0.7857142857142857,0,0.7619047619047619
2024-05-24,821.949278,50811.899999999994,1.2727922061359143,74,0.7619047619047619,0,0.7857142857142857
2024-05-25,14.126038999999999,29991.129999999997,1281.9338093871456,76,0.7857142857142857,0,0.7738095238095238
2024-05-26,778.6839,53976.67,1316.8759214203862,75,0.7738095238095238,0,0.7619047619047619
2024-05-27,1129.35587,151115.72,351.12197274407123,74,0.7619047619047619,0,0.7380952380952381
2024-05-29,277.791953,84268.76,16259.727615489111,72,0.7380952380952381,2,0.75
2024-05-30,20.951433,2838.09,33463.89723013931,73,0.75,2,0.75
2024-05-31,25.35812,3636.14,2.4443492358904875,73,0.75,0,0.7380952380952381
2024-06-01,91.510419,12834.62,1.0389183982502748,72,0.7380952380952381,0,0.75
2024-06-02,192.906947,29464.51,0.363102874623006,73,0.75,0,0.75
2024-06-03,562.808208,21466.86,0.21869007595736015,73,0.75,0,0.75
2024-06-04,52.211438,24243.41,28011.42348267147,73,0.75,2,0.7738095238095238
2024-06-05,56.055506,25350.77,13675.037816024133,75,0.7738095238095238,0,0.8095238095238095
2024-06-06,274.173187,137557.76,112.65170422016628,78,0.8095238095238095,0,0.7976190476190477
2024-06-07,8902.467416,1098588.76,7387.736391954849,77,0.7976190476190477,0,0.7380952380952381
2024-06-08,129.13883900000002,97351.88,23909.45819069592,72,0.7380952380952381,2,0.7738095238095238
2024-06-09,0.0,22410.22,1738.8167543035813,75,0.7738095238095238,0,0.7380952380952381
2024-06-10,31.266804999999998,46587.93,977.2411549318537,72,0.7380952380952381,0,0.7619047619047619
2024-06-11,4320.631811,373279.92,21720.079989299902,74,0.7619047619047619,2,0.7380952380952381
2024-06-12,-21886.531493,193407.96,9617.301602342683,72,0.7380952380952381,0,0.7142857142857143
2024-06-13,6632.757115,132577.22,776.6379350941968,70,0.7142857142857143,0,0.7619047619047619
2024-06-14,10258.592609,139868.66,1727.948732998773,74,0.7619047619047619,0,0.7619047619047619
2024-06-15,3369.958346,718350.25,1745.1252647018414,74,0.7619047619047619,0,0.7261904761904762
2024-06-16,0.0,25235.079999999998,0.002012687032528492,71,0.7261904761904762,0,0.7261904761904762
2024-06-17,10599.502375,368380.12,1793.7684389866924,71,0.7261904761904762,0,0.7619047619047619
2024-06-18,282.57636,263314.79,1416.5773987313837,74,0.7619047619047619,0,0.6428571428571429
2024-06-19,4887.656944,417071.12,1764.77077276569,64,0.6428571428571429,0,0.5952380952380952
2024-06-20,57478.456026,207990.8,1111.7099236469205,60,0.5952380952380952,0,0.6309523809523809
2024-06-21,773.5582039999999,176264.49,1524.6104669271256,63,0.6309523809523809,0,0.5119047619047619
2024-06-22,756.876565,169594.27000000002,1800.4631636827016,53,0.5119047619047619,0,0.5357142857142857
2024-06-23,0.0,1792.12,0.15811388300841886,55,0.5357142857142857,0,0.4880952380952381
2024-06-24,0.0,403002.8,1348.0646349126507,51,0.4880952380952381,0,0.23809523809523808
2024-06-25,4869.353105,103099.08,0.04533850920207513,30,0.23809523809523808,0,0.42857142857142855
2024-06-26,4197.732182,365190.66000000003,1701.2917024105736,46,0.42857142857142855,0,0.35714285714285715
2024-06-27,0.0,130486.95,1693.860229557378,40,0.35714285714285715,0,0.23809523809523808
2024-06-29,6150.326145,280095.11,1422.259342547605,30,0.23809523809523808,0,0.44047619047619047
2024-06-30,0.0,30520.69,1439.0821197045236,47,0.44047619047619047,0,0.5119047619047619
2024-07-01,5065.839308,362670.14999999997,1705.9142479757836,53,0.5119047619047619,0,0.4880952380952381
2024-07-02,2421.253116,33347.47,0.4751156023070126,51,0.4880952380952381,0,0.47619047619047616
2024-07-03,1118.387284,179600.66,1670.9943138258234,50,0.47619047619047616,0,0.40476190476190477
2024-07-04,0.0,430568.01,1054.382446478348,44,0.40476190476190477,0,0.2261904761904762
2024-07-05,0.0,272289.89,1445.7108930489255,29,0.2261904761904762,0,0.19047619047619047
2024-07-06,108.87217799999999,2490.17,1.7517444478001014,26,0.19047619047619047,0,0.2261904761904762
2024-07-07,61.428942,498.75,0.0,29,0.2261904761904762,0,0.21428571428571427
2024-07-08,0.0,497.64,0.0,28,0.21428571428571427,0,0.20238095238095238
2024-07-09,648.984412,2736.45,0.2671064925847968,27,0.20238095238095238,0,0.21428571428571427
2024-07-10,11977.734907,687900.21,1335.3434416452624,28,0.21428571428571427,0,0.2261904761904762
2024-07-11,1876.812082,169887.02,47.5096401421096,29,0.2261904761904762,0,0.17857142857142858
2024-07-12,1412.314654,89582.97,1578.2952914002396,25,0.17857142857142858,0,0.17857142857142858
2024-07-13,2913.617837,139189.19,1377.750764054677,25,0.17857142857142858,0,0.27380952380952384
2024-07-14,0.0,84001.13,12.190902150295955,33,0.27380952380952384,0,0.5
2024-07-15,-1.0,198344.85,1294.342838816612,52,0.5,0,0.6547619047619048
2024-07-16,0.0,144000.57,22.976170603136218,65,0.6547619047619048,0,0.7023809523809523
2024-07-17,1859.269477,626005.53,554.8774738225733,69,0.7023809523809523,0,0.6071428571428571
2024-07-18,3803.884311,649704.85,1097.1759104755415,61,0.6071428571428571,0,0.5952380952380952
2024-07-19,2155.891114,150269.42,17909.721139568934,60,0.5952380952380952,2,0.7619047619047619
2024-07-20,2299.169566,244362.21,630.7611354615894,74,0.7619047619047619,0,0.7619047619047619
2024-07-21,-2960.716887,234307.46,283.5233719326542,74,0.7619047619047619,0,0.7142857142857143
2024-07-22,1517.119876,304213.8,1203.9179743026468,70,0.7142857142857143,0,0.7261904761904762
2024-07-23,89890.302206,358526.54,250.6233820214227,71,0.7261904761904762,0,0.7023809523809523
2024-07-24,625.561479,69207.93,617.4303358002439,69,0.7023809523809523,0,0.6904761904761905
2024-07-25,916.7382600000001,528555.31,1211.798568497682,68,0.6904761904761905,0,0.6904761904761905
2024-07-26,2766.513113,548587.65,1407.3992278964522,68,0.6904761904761905,0,0.7380952380952381
2024-07-27,6400.623656,905199.75,1010.7184390727213,72,0.7380952380952381,0,0.7261904761904762
2024-07-28,587.29903,43254.68,1301.683491929675,71,0.7261904761904762,0,0.7619047619047619
2024-07-29,330.80445399999996,327199.14,30699.186561694234,74,0.7619047619047619,2,0.6785714285714286
2024-07-30,0.0,36006.47,0.1471960144386028,67,0.6785714285714286,0,0.6071428571428571
2024-07-31,765.690884,84506.54,831.514108502816,61,0.6071428571428571,0,0.5
2024-08-01,167.080017,227774.53,28157.144286863113,52,0.5,2,0.5595238095238095
2024-08-02,782.3681909999999,396320.37,24246.100310630554,57,0.5595238095238095,2,0.32142857142857145
2024-08-03,464.1897,290532.86,804.3609430846107,37,0.32142857142857145,0,0.2857142857142857
2024-08-04,-122672.000883,1207744.07,20410.18490987046,34,0.2857142857142857,2,0.19047619047619047
2024-08-05,-13013.665169,420495.4,22716.708989062114,26,0.19047619047619047,2,0.08333333333333333
2024-08-06,267.318048,61478.38,7179.1864473601945,17,0.08333333333333333,0,0.2261904761904762
2024-08-07,188.789255,2492.77,2.0319063678702913,29,0.2261904761904762,0,0.11904761904761904
2024-08-08,-40.712216999999995,16299.35,1031.28327497182,20,0.11904761904761904,0,0.4523809523809524
2024-08-09,18082.071276,503204.86,15085.83386160418,48,0.4523809523809524,2,0.35714285714285715
2024-08-10,0.0,11339.29,1.7903974194332855,40,0.35714285714285715,0,0.34523809523809523
2024-08-11,847.7766200000001,44230.21,1289.868720484457,39,0.34523809523809523,0,0.17857142857142858
2024-08-12,858.6705000000001,54167.32,1220.6922846961297,25,0.17857142857142858,0,0.25
2024-08-13,212.08102,20797.87,1020.4646954454691,31,0.25,0,0.23809523809523808
2024-08-14,2168.9015130000003,66710.03,1322.6866522830774,30,0.23809523809523808,0,0.2261904761904762
2024-08-15,0.0,1522.3700000000001,0.00027500791999614683,29,0.2261904761904762,0,0.20238095238095238
2024-08-16,825.230544,166382.84,24337.4859535227,27,0.20238095238095238,2,0.17857142857142858
2024-08-17,-288.283113,30248.96,0.01665989445744881,25,0.17857142857142858,0,0.25
2024-08-18,307.201888,62804.48,682.5249871287571,31,0.25,0,0.21428571428571427
2024-08-19,339.69958299999996,100315.03,204.78834892918786,28,0.21428571428571427,0,0.23809523809523808
2024-08-20,192.602844,49914.8,1284.4908594878339,30,0.23809523809523808,0,0.19047619047619047
2024-08-21,656.200925,104990.41,300.5497008738339,26,0.19047619047619047,0,0.2857142857142857
2024-08-23,1005.30527,63509.56,23.332383313993265,34,0.2857142857142857,0,0.5476190476190477
2024-08-24,0.0,34999.67,29692.00369447736,56,0.5476190476190477,2,0.5238095238095238
2024-08-25,0.0,21950.28,29817.813690975687,54,0.5238095238095238,2,0.5357142857142857
2024-08-26,231.236918,92611.27,1107.4757937535248,55,0.5357142857142857,0,0.4523809523809524
2024-08-27,0.0,70250.16,928.634850699803,48,0.4523809523809524,0,0.23809523809523808
2024-08-28,1333.359645,71160.06999999999,25543.059728465276,30,0.23809523809523808,2,0.2261904761904762
2024-08-29,0.0,9995.85,0.0,29,0.2261904761904762,0,0.2857142857142857
2024-08-30,256.464,37233.24,23616.234679020887,34,0.2857142857142857,2,0.2261904761904762
2024-08-31,10.882801,107507.43000000001,22631.233911749434,29,0.2261904761904762,2,0.19047619047619047
2024-09-01,137.433093,12359.68,64.01090091524229,26,0.19047619047619047,0,0.19047619047619047
2024-09-02,0.0,30000.42,0.0,26,0.19047619047619047,0,0.20238095238095238
2024-09-04,1065.785132,131480.97,16155.750126182355,27,0.20238095238095238,2,0.2261904761904762
2024-09-05,0.0,0.84,0.0,29,0.2261904761904762,0,0.14285714285714285
2024-09-06,-1104.856765,39047.1,664.1790029643914,22,0.14285714285714285,0,0.2261904761904762
2024-09-08,0.0,0.11,0.0,29,0.2261904761904762,0,0.19047619047619047
2024-09-09,0.0,4014.4300000000003,0.0,26,0.19047619047619047,0,0.27380952380952384
2024-09-10,-219.729659,2547.28,1348.9722792595664,33,0.27380952380952384,0,0.32142857142857145
2024-09-11,0.0,0.54,0.0,37,0.32142857142857145,0,0.47619047619047616
2024-09-14,0.0,1014.8000000000001,0.0033954100569070374,50,0.47619047619047616,0,0.4166666666666667
2024-09-18,-878.684794,13633.5,0.9010301206197198,45,0.4166666666666667,0,0.4642857142857143
2024-09-19,0.0,1521.8700000000001,1.4697283746185592,49,0.4642857142857143,0,0.5238095238095238
2024-09-20,9585.03428,332873.38,27653.920044601473,54,0.5238095238095238,2,0.5238095238095238
2024-09-21,36165.56933,165648.12,0.003983181043498987,54,0.5238095238095238,0,0.5
2024-09-22,0.0,19999.739999999998,0.0,52,0.5,0,0.47619047619047616
2024-09-23,334.760796,40334.29,8.48528137423857,50,0.47619047619047616,0,0.5238095238095238
2024-09-24,0.0,7118.63,1.2159837307179913,54,0.5238095238095238,0,0.5833333333333334
2024-09-25,0.0,52754.130000000005,31718.657579741826,59,0.5833333333333334,2,0.47619047619047616
2024-09-26,439.812513,113711.93000000001,33361.5403562382,50,0.47619047619047616,2,0.6071428571428571
2024-09-27,0.0,126097.04,25545.68281732544,61,0.6071428571428571,2,0.6428571428571429
2024-09-28,0.0,29199.21,0.012701705922171905,64,0.6428571428571429,0,0.6071428571428571
2024-09-30,2710.626288,214669.85,18864.765804017974,61,0.6071428571428571,2,0.47619047619047616
2024-10-01,0.0,139954.32,142.6055164898365,50,0.47619047619047616,0,0.38095238095238093
2024-10-02,0.0,99954.34,0.0,42,0.38095238095238093,0,0.32142857142857145
2024-10-03,100.375782,132935.69,31775.92122620566,37,0.32142857142857145,2,0.36904761904761907
2024-10-04,0.0,0.34,0.0,41,0.36904761904761907,0,0.4642857142857143
2024-10-05,5767.161892,605605.74,10235.086310727316,49,0.4642857142857143,0,0.47619047619047616
2024-10-06,130.487079,300130.56,324.91869445856975,50,0.47619047619047616,0,0.47619047619047616
2024-10-07,0.0,219984.65,182.24477260776848,50,0.47619047619047616,0,0.4642857142857143
2024-10-08,5396.546638,434584.13,14469.623319914062,49,0.4642857142857143,2,0.4642857142857143
2024-10-09,396.06272,220399.93,474.2797720731933,49,0.4642857142857143,0,0.34523809523809523
2024-10-10,0.0,300024.33999999997,557.4002152852128,39,0.34523809523809523,0,0.2619047619047619
2024-10-11,8885.327477,488904.19,12081.229214103892,32,0.2619047619047619,0,0.4642857142857143
2024-10-12,541.55471,159713.4,376.58494688744844,49,0.4642857142857143,0,0.47619047619047616
2024-10-13,0.0,60002.42,203.35890549578784,50,0.47619047619047616,0,0.4523809523809524
2024-10-14,1913.61958,61916.020000000004,0.44721359550077144,48,0.4523809523809524,0,0.6547619047619048
2024-10-15,1170.2260760000001,81173.36,1060.3613714650498,65,0.6547619047619048,0,0.75
2024-10-16,219.480876,80229.17,451.4663583560504,73,0.75,0,0.7261904761904762
2024-10-17,36.11496,140531.75,433.80423131997185,71,0.7261904761904762,0,0.75
2024-10-18,333.219141,120331.43000000001,518.7022267158665,73,0.75,0,0.7380952380952381
2024-10-19,0.0,99996.86,218.24355660591678,72,0.7380952380952381,0,0.75
2024-10-20,389.155797,176447.86000000002,16659.46440479153,73,0.75,2,0.7380952380952381
2024-10-21,2464.915564,324117.99,16608.369507399624,72,0.7380952380952381,2,0.7142857142857143
2024-10-22,0.0,60000.36,0.0,70,0.7142857142857143,0,0.7261904761904762
2024-10-23,-46.489941,210006.07,32649.05796335893,71,0.7261904761904762,2,0.7380952380952381
2024-10-25,13235.862071,427883.18,25762.005032284604,72,0.7380952380952381,2,0.7619047619047619
2024-10-27,666.6623079999999,90664.41,2.5,74,0.7619047619047619,0,0.7380952380952381
2024-10-28,167.28016200000002,121495.25,30124.33548119336,72,0.7380952380952381,2,0.7380952380952381
2024-10-29,801.170876,613267.8099999999,32070.40337636996,72,0.7380952380952381,2,0.7976190476190477
2024-10-30,9.150023,11830.85,1173.289529395265,77,0.7976190476190477,0,0.7976190476190477
2024-10-31,1214.043811,896173.36,34785.39067564603,77,0.7976190476190477,2,0.7738095238095238
2024-11-01,1040.475736,260981.03,34916.24329270276,75,0.7738095238095238,2,0.7380952380952381
2024-11-02,0.0,40000.0,0.0,72,0.7380952380952381,0,0.7619047619047619
2024-11-03,0.0,129055.66,35019.27476760649,74,0.7619047619047619,2,0.7142857142857143
2024-11-04,2799.410474,451811.97,31251.03407730779,70,0.7142857142857143,2,0.7142857142857143
2024-11-05,678.4759280000001,200627.23,447.3612013177321,70,0.7142857142857143,0,0.7142857142857143
2024-11-06,2817.83723,123906.9,30280.899533449774,70,0.7142857142857143,2,0.7976190476190477
2024-11-07,4493.353136,111335.3,10003.089792496958,77,0.7976190476190477,0,0.7738095238095238
2024-11-08,-64.41354100000007,270700.44,37439.77303993247,75,0.7738095238095238,2,0.7738095238095238
2024-11-09,102.90894,193384.41,23467.205243676726,75,0.7738095238095238,2,0.8095238095238095
2024-11-10,991.114334,413636.7,35169.11698739768,78,0.8095238095238095,2,0.7857142857142857
2024-11-11,6749.630996,1570572.42,19334.287999336833,76,0.7857142857142857,2,0.8333333333333334
2024-11-12,3494.399394,1226354.52,42225.76909365375,80,0.8333333333333334,2,0.8809523809523809
2024-11-13,7846.402274,515336.37,44580.583335896874,84,0.8809523809523809,2,0.9285714285714286
2024-11-14,4563.509225,1008361.81,43512.339351987874,88,0.9285714285714286,2,0.8333333333333334
2024-11-15,4140.740438,1427858.42,44561.88123485069,80,0.8333333333333334,2,0.9047619047619048
2024-11-16,2769.521909,303296.07,25132.33925091309,86,0.9047619047619048,2,0.9523809523809523
2024-11-17,882.975285,1215987.57,31687.337182453637,90,0.9523809523809523,2,0.8690476190476191
2024-11-18,4470.815187,2084339.58,31036.246699819614,83,0.8690476190476191,2,0.9523809523809523
2024-11-19,2958.268991,628031.15,34325.32468494068,90,0.9523809523809523,2,0.8690476190476191
2024-11-20,4210.0928969999995,1999514.1199999999,28143.6849064378,83,0.8690476190476191,2,0.8571428571428571
2024-11-21,1692.430891,598300.62,24131.493956717535,82,0.8571428571428571,2,1.0
2024-11-22,-18105.345617,1646713.62,28365.53451281409,94,1.0,2,0.9880952380952381
2024-11-23,2901.531638,516245.68,19498.05920912464,93,0.9880952380952381,2,0.8333333333333334
2024-11-24,945.550386,664952.28,39149.77412382678,80,0.8333333333333334,2,0.8571428571428571
2024-11-25,5523.740734,937410.87,33938.75057506805,82,0.8571428571428571,2,0.8214285714285714
2024-11-26,1094.809359,1146902.44,28137.457705000586,79,0.8214285714285714,2,0.7738095238095238
2024-11-27,-2654.495633,1444242.53,38278.91796098914,75,0.7738095238095238,2,0.7976190476190477
2024-11-28,-127075.39958499999,1894225.15,17821.35220799935,77,0.7976190476190477,2,0.8095238095238095
2024-11-29,176844.994152,794262.91,12963.323862846413,78,0.8095238095238095,2,0.8809523809523809
2024-11-30,37316.69352,1732193.7,17104.74516000873,84,0.8809523809523809,2,0.8452380952380952
2024-12-01,40886.364494,814711.82,23868.612594146103,81,0.8452380952380952,2,0.8333333333333334
2024-12-02,18489.604313,585243.56,23395.974646335806,80,0.8333333333333334,2,0.7857142857142857
2024-12-03,23576.539285,1084666.53,14614.148396105858,76,0.7857142857142857,2,0.8095238095238095
2024-12-04,292891.815021,769287.65,19020.163181879107,78,0.8095238095238095,1,0.8809523809523809
2024-12-05,71574.11848800001,1256750.79,21442.349080329837,84,0.8809523809523809,2,0.7380952380952381
2024-12-06,-92624.643895,3471019.22,35117.0184331323,72,0.7380952380952381,2,0.7738095238095238
2024-12-07,85906.279067,451733.42,11334.961635242154,75,0.7738095238095238,0,0.8214285714285714
2024-12-08,15965.933436,932939.72,12791.004341189435,79,0.8214285714285714,0,0.8095238095238095
2024-12-09,6310.967676,983949.68,18326.913058245325,78,0.8095238095238095,2,0.8095238095238095
2024-12-10,39325.770231,3150424.08,16284.591066578498,78,0.8095238095238095,2,0.7619047619047619
2024-12-11,319051.554217,2194098.33,20185.601678151805,74,0.7619047619047619,1,0.8690476190476191
2024-12-12,599151.795008,4557189.87,14642.174841845246,83,0.8690476190476191,1,0.7857142857142857
2024-12-13,31935.901745,2880824.64,20825.10883514046,76,0.7857142857142857,2,0.8690476190476191
2024-12-14,167801.399244,2369561.78,14571.679126725638,83,0.8690476190476191,2,0.8333333333333334
2024-12-15,97525.315279,2583269.81,12543.628010008499,80,0.8333333333333334,2,0.8690476190476191
2024-12-16,166774.344133,2740808.97,17496.535312490214,83,0.8690476190476191,2,0.9166666666666666
2024-12-17,219591.305172,5233597.63,9394.175304251048,87,0.9166666666666666,1,0.8452380952380952
2024-12-18,13682.994673,3798887.07,22416.783716082267,81,0.8452380952380952,2,0.7738095238095238
2024-12-19,62744.004486000005,8241709.39,16929.244251413296,75,0.7738095238095238,2,0.7619047619047619
2024-12-20,254969.660039,7681274.71,10657.925728618677,74,0.7619047619047619,1,0.75
2024-12-21,150022.163157,4382875.12,18159.116102874224,73,0.75,2,0.75
2024-12-22,352197.163973,3087320.22,9765.339068501175,73,0.75,1,0.7142857142857143
2024-12-23,-29430.626577,6771878.26,12295.240380699111,70,0.7142857142857143,2,0.75
2024-12-24,14813.780116,1767036.11,30715.154907896496,73,0.75,2,0.75
2024-12-25,756.6570469999998,347889.35,17860.571353520154,73,0.75,2,0.8214285714285714
2024-12-26,60228.639722,2205242.65,20368.202871650596,79,0.8214285714285714,2,0.7619047619047619
2024-12-27,2672.811035,347913.0,32863.24533320561,74,0.7619047619047619,2,0.7380952380952381
2024-12-28,940.673623,281555.01,19408.240784673464,72,0.7380952380952381,2,0.75
2024-12-29,2884.067927,344628.54,24887.987316245813,73,0.75,2,0.6547619047619048
2024-12-30,9009.738137,1073865.73,31860.1840293027,65,0.6547619047619048,2,0.6428571428571429
2024-12-31,5445.01281,877164.62,43179.78668312891,64,0.6428571428571429,2,0.6666666666666666
2025-01-01,-9528.065345,282582.1,27520.272915650094,66,0.6666666666666666,2,0.7142857142857143
2025-01-02,8716.519087,774674.84,29382.580691575953,70,0.7142857142857143,2,0.7619047619047619
2025-01-03,6028.486793,771208.99,29282.3129011784,74,0.7619047619047619,2,0.75
2025-01-04,2553.537968,1826029.6199999999,23839.600556082944,73,0.75,2,0.7380952380952381
2025-01-05,3187.719363,451943.57,26542.788016363855,72,0.7380952380952381,2,0.7857142857142857
2025-01-06,6064.185393,556526.99,25724.457590235674,76,0.7857142857142857,2,0.8095238095238095
2025-01-07,16098.227531,1313178.1,28508.363695284283,78,0.8095238095238095,2,0.7142857142857143
2025-01-08,130117.090554,3177275.18,23568.54250315659,70,0.7142857142857143,2,0.7023809523809523
2025-01-09,46975.928902,1020733.25,23500.929758128685,69,0.7023809523809523,2,0.47619047619047616
2025-01-10,-10116.875552,6547449.68,44043.68926449545,50,0.47619047619047616,2,0.7023809523809523
2025-01-11,2269.080536,1658098.71,44175.35536265214,69,0.7023809523809523,2,0.6190476190476191
2025-01-12,5742.241803,2258459.17,32479.519953455976,62,0.6190476190476191,2,0.6071428571428571
2025-01-13,9655.429352,2936648.0100000002,43148.517668516986,61,0.6071428571428571,2,0.6309523809523809
2025-01-14,16069.512355,876581.97,39546.67406392093,63,0.6309523809523809,2,0.7142857142857143
2025-01-15,14819.5883,1801599.8900000001,44243.04334875478,70,0.7142857142857143,2,0.7738095238095238
2025-01-16,20807.709328,3049692.96,45587.68888997698,75,0.7738095238095238,2,0.7738095238095238
2025-01-17,7006.415608,1110230.46,28618.105924029955,75,0.7738095238095238,2,0.7976190476190477
2025-01-18,443.2330819999997,2711629.88,30120.803069543927,77,0.7976190476190477,2,0.7976190476190477
2025-01-19,87923.799302,9715215.3,24014.658255692957,77,0.7976190476190477,2,0.7857142857142857
2025-01-20,87277.239173,8287327.01,37843.0859029197,76,0.7857142857142857,2,0.7857142857142857
2025-01-21,11077.839421,1523729.82,40747.62587620388,76,0.7857142857142857,2,0.8809523809523809
2025-01-22,20524.408057,1778406.43,28395.354969929434,84,0.8809523809523809,2,0.7738095238095238
2025-01-23,101256.24216,3697028.66,25921.80074561635,75,0.7738095238095238,2,0.7738095238095238
2025-01-24,10602.779738,1611433.45,22454.277335346196,75,0.7738095238095238,2,0.7738095238095238
2025-01-25,-10348.016255999999,1239377.7,20082.837208004497,75,0.7738095238095238,2,0.75
2025-01-26,40823.466668,1201173.66,56.964853356212096,73,0.75,0,0.7261904761904762
2025-01-27,41331.765392,1508028.31,32042.793496644998,71,0.7261904761904762,2,0.7380952380952381
2025-01-28,17979.613973,579412.17,24279.74382364756,72,0.7380952380952381,2,0.7380952380952381
2025-01-29,23421.01147,1897513.41,7607.830150890976,72,0.7380952380952381,0,0.7142857142857143
2025-01-30,23097.471385,3014397.17,28204.317496879,70,0.7142857142857143,2,0.7857142857142857
2025-01-31,35868.296773,2783411.48,25646.50854115892,76,0.7857142857142857,2,0.6904761904761905
2025-02-01,32300.205017,1363746.44,20271.120413807046,68,0.6904761904761905,2,0.5952380952380952
2025-02-02,162854.759623,5661092.29,22207.067687737403,60,0.5952380952380952,2,0.40476190476190477
2025-02-03,348871.326269,22592901.37,18879.794597895165,44,0.40476190476190477,1,0.7380952380952381
2025-02-04,416876.88812,15678409.27,35955.83339655142,72,0.7380952380952381,1,0.5238095238095238
2025-02-05,56706.235562,8743231.51,40574.009588569235,54,0.5238095238095238,2,0.4642857142857143
2025-02-06,33803.799733,2818508.87,16388.872094558265,49,0.4642857142857143,2,0.40476190476190477
2025-02-07,22450.002091,3460263.54,42160.236867398744,44,0.40476190476190477,2,0.40476190476190477
2025-02-08,586.703253,839734.97,36915.44632024426,44,0.40476190476190477,2,0.42857142857142855
2025-02-09,150551.829492,2920919.7,10422.804223315916,46,0.42857142857142855,0,0.39285714285714285
2025-02-10,63908.49465,3624958.44,46369.496059926416,43,0.39285714285714285,2,0.44047619047619047
2025-02-11,-6093.784817,2797544.17,39253.670814260346,47,0.44047619047619047,2,0.42857142857142855
2025-02-12,19848.635032,4143974.54,38646.337026968,46,0.42857142857142855,2,0.47619047619047616
2025-02-13,27829.534238,3199852.21,38525.25246862051,50,0.47619047619047616,2,0.4523809523809524
2025-02-14,213860.675308,4007103.42,39228.23154673595,48,0.4523809523809524,1,0.47619047619047616
2025-02-15,45042.92701,1712852.95,31470.532986673592,50,0.47619047619047616,2,0.5238095238095238
2025-02-16,2369.478425,806177.64,18647.60245101412,54,0.5238095238095238,2,0.4880952380952381
2025-02-17,1818.573295,2031044.64,20749.367553082866,51,0.4880952380952381,2,0.44047619047619047
2025-02-18,91204.672403,3371128.68,24340.274303701626,47,0.44047619047619047,2,0.40476190476190477
2025-02-19,14985.794701,3263930.24,37500.93674280039,44,0.40476190476190477,2,0.4642857142857143
2025-02-20,46008.794102,4628609.29,35998.54843899887,49,0.4642857142857143,2,0.5357142857142857
2025-02-21,119693.49395,3972159.88,36123.38402905308,55,0.5357142857142857,2,0.4642857142857143
2025-02-22,25278.704178,3175570.2,35714.43054380472,49,0.4642857142857143,2,0.47619047619047616
2025-02-23,10656.934251,1141310.74,24083.76474942159,50,0.47619047619047616,2,0.4642857142857143
2025-02-24,38470.176242,11223619.59,5802.105417159856,49,0.4642857142857143,0,0.17857142857142858
2025-02-25,204762.177034,19414984.36,9653.433240771896,25,0.17857142857142858,1,0.13095238095238096
2025-02-26,63229.063129,4946958.13,9197.326338777337,21,0.13095238095238096,0,0.0
2025-02-27,-36525.167517,1999898.43,17339.754198939718,10,0.0,2,0.07142857142857142
2025-02-28,225628.108748,4123660.77,13004.313560911012,16,0.07142857142857142,1,0.11904761904761904
2025-03-01,10596.108968,263824.13,14151.460454216185,20,0.11904761904761904,0,0.19047619047619047
2025-03-02,66914.320708,6460848.74,26982.38944846609,26,0.19047619047619047,2,0.27380952380952384
2025-03-03,616413.032233,8244590.38,15421.663414209781,33,0.27380952380952384,1,0.05952380952380952
2025-03-04,182075.566585,11124247.15,14405.01862159367,15,0.05952380952380952,1,0.11904761904761904
2025-03-05,269328.365917,9193654.22,17510.19887432473,20,0.11904761904761904,1,0.17857142857142858
2025-03-06,16101.125561,6765324.96,21934.22354229503,25,0.17857142857142858,2,0.2857142857142857
2025-03-07,150236.061627,19854275.48,19307.57872350572,34,0.2857142857142857,1,0.21428571428571427
2025-03-08,24700.773359,892083.51,16031.43073504946,28,0.21428571428571427,2,0.20238095238095238
2025-03-09,19773.457395,10419697.99,7637.0779200333845,27,0.20238095238095238,0,0.11904761904761904
2025-03-10,-10010.027269999999,16811790.68,15340.350084664116,20,0.11904761904761904,2,0.16666666666666666
2025-03-11,-76880.729036,14016952.09,13460.923696539638,24,0.16666666666666666,2,0.2857142857142857
2025-03-12,288105.984215,18618139.15,17749.264690374584,34,0.2857142857142857,1,0.4166666666666667
2025-03-13,14114.870873,3285591.22,20500.81821243844,45,0.4166666666666667,2,0.20238095238095238
2025-03-14,68646.160089,8047187.16,17702.141181132887,27,0.20238095238095238,2,0.42857142857142855
2025-03-15,78694.624572,2355749.54,37895.06270698133,46,0.42857142857142855,2,0.23809523809523808
2025-03-16,-7910.943544999999,10187921.51,40953.38009179101,30,0.23809523809523808,2,0.2619047619047619
2025-03-17,26163.906513,3592895.05,26520.75498170875,32,0.2619047619047619,2,0.2857142857142857
2025-03-18,72322.788824,4050655.47,28950.334346344727,34,0.2857142857142857,2,0.2619047619047619
2025-03-19,29374.682341,4598813.57,32062.251077063433,32,0.2619047619047619,2,0.4642857142857143
2025-03-20,10246.859436,1652257.93,13983.062886683134,49,0.4642857142857143,2,0.25
2025-03-21,6951.270374,2543903.39,18051.792840520564,31,0.25,2,0.2619047619047619
2025-03-22,12498.535254,971809.42,17469.58701641358,32,0.2619047619047619,2,0.23809523809523808
2025-03-23,14047.421585,2593519.67,21221.291477691695,30,0.23809523809523808,2,0.4166666666666667
2025-03-24,107878.961301,3017587.05,16683.828268470603,45,0.4166666666666667,2,0.42857142857142855
2025-03-25,32030.90678,5372519.77,29786.28683714438,46,0.42857142857142855,2,0.44047619047619047
2025-03-26,15802.167427,7597754.37,9499.05377367415,47,0.44047619047619047,0,0.35714285714285715
2025-03-27,58825.359221,3240279.46,26557.68862973206,40,0.35714285714285715,2,0.40476190476190477
2025-03-28,21337.179335,1483092.61,24402.94970797754,44,0.40476190476190477,2,0.19047619047619047
2025-03-29,12098.872931,3668151.83,13865.264404751648,26,0.19047619047619047,2,0.2619047619047619
2025-03-30,15795.11514,2850874.96,23898.468080644245,32,0.2619047619047619,2,0.2857142857142857
2025-03-31,6978.184557,2164772.4699999997,25090.858841871337,34,0.2857142857142857,2,0.2857142857142857
2025-04-01,-2202.6622420000003,704445.1900000001,28721.364354609497,34,0.2857142857142857,2,0.40476190476190477
2025-04-02,202212.740938,3867930.6,24028.23786198537,44,0.40476190476190477,1,0.17857142857142858
2025-04-03,-2365.961276,8670233.15,18235.829962477786,25,0.17857142857142858,2,0.21428571428571427
2025-04-04,-25515.678949999998,3835545.73,18982.60437823849,28,0.21428571428571427,2,0.23809523809523808
2025-04-05,35907.33771,1267564.22,28130.764409641528,30,0.23809523809523808,2,0.2857142857142857
2025-04-06,47053.449272,3551252.06,17753.419050072687,34,0.2857142857142857,2,0.15476190476190477
2025-04-07,34527.370305,14460253.14,26418.021483688062,23,0.15476190476190477,2,0.16666666666666666
2025-04-08,34899.394798,8869391.4,38537.38890858545,24,0.16666666666666666,2,0.09523809523809523
2025-04-09,43120.444797,28556806.47,28979.705344812573,18,0.09523809523809523,1,0.34523809523809523
2025-04-10,158261.822261,28741953.29,40502.816131808824,39,0.34523809523809523,1,0.17857142857142858
2025-04-11,126406.479081,11319327.07,34521.66742659316,25,0.17857142857142858,1,0.39285714285714285
2025-04-12,410419.694533,55914617.49,40123.86510023587,43,0.39285714285714285,1,0.4166666666666667
2025-04-13,48696.021521,14171154.79,41348.37171834226,45,0.4166666666666667,2,0.25
2025-04-14,45680.443063,13079972.98,41108.20219955828,31,0.25,2,0.3333333333333333
2025-04-15,72357.706282,20752168.24,37058.41095155655,38,0.3333333333333333,1,0.2261904761904762
2025-04-16,58631.730257,36502715.9,42048.4964526716,29,0.2261904761904762,1,0.23809523809523808
2025-04-17,5427.919886,2604551.51,11963.219448216858,30,0.23809523809523808,0,0.27380952380952384
2025-04-18,4880.4047439999995,24610650.46,32984.953144554696,33,0.27380952380952384,1,0.2619047619047619
2025-04-19,71950.577495,32706462.71,33213.65730571021,32,0.2619047619047619,1,0.32142857142857145
2025-04-20,25060.341936,12126094.05,23883.95751794863,37,0.32142857142857145,2,0.34523809523809523
2025-04-21,34369.267906999994,42104054.84,43072.00260330493,39,0.34523809523809523,1,0.44047619047619047
2025-04-22,58652.763578,33753625.24,33271.41999975104,47,0.44047619047619047,1,0.7380952380952381
2025-04-23,-419020.225731,30682443.79,31725.221942176104,72,0.7380952380952381,2,0.6309523809523809
2025-04-24,50704.395965,35088918.64,46335.46935192112,63,0.6309523809523809,1,0.5952380952380952
2025-04-25,20218.859206,27749455.78,44788.00046843077,60,0.5952380952380952,1,0.6547619047619048
2025-04-26,-4125.753942,11948127.77,41345.92385513583,65,0.6547619047619048,2,0.6071428571428571
2025-04-27,2702.067468,487537.69,32601.2014221725,61,0.6071428571428571,2,0.5238095238095238
2025-04-28,36906.813759,26124921.49,45630.27587227086,54,0.5238095238095238,1,0.5952380952380952
2025-04-29,125749.613427,34089511.66,43444.646860455854,60,0.5952380952380952,1,0.5476190476190477
2025-04-30,14003.797269,12693878.85,45721.21891665201,56,0.5476190476190477,2,0.5119047619047619
2025-05-01,54536.829297000004,10720240.52,31890.030734646974,53,0.5119047619047619,2,
